{"cameraMode":{"drawMode":0,"name":"Shaded","section":"Shading Mode"},"sceneLighting":true,"audioPlay":false,"sceneViewState":{"m_AlwaysRefresh":false,"showFog":true,"showSkybox":false,"showFlares":true,"showImageEffects":true,"showParticleSystems":true,"showVisualEffectGraphs":true,"m_FxEnabled":true},"in2DMode":false,"pivot":{"x":-3.1221961975097658,"y":1.5007230043411255,"z":2.7904856204986574},"rotation":{"x":-0.14744830131530763,"y":-0.24986214935779572,"z":0.03854147717356682,"w":-0.9562110304832459},"size":1.8441135883331299,"orthographic":false}