{"cameraMode":{"drawMode":0,"name":"Shaded","section":"Shading Mode"},"sceneLighting":true,"audioPlay":false,"sceneViewState":{"m_AlwaysRefresh":false,"showFog":true,"showSkybox":false,"showFlares":true,"showImageEffects":true,"showParticleSystems":true,"showVisualEffectGraphs":true,"m_FxEnabled":true},"in2DMode":false,"pivot":{"x":-3.9843666553497316,"y":2.2272756099700929,"z":-1.680070161819458},"rotation":{"x":0.1716388761997223,"y":0.005905077327042818,"z":-0.0010438060853630305,"w":0.9851230382919312},"size":0.27054330706596377,"orthographic":false}