{"cameraMode":{"drawMode":0,"name":"Shaded","section":"Shading Mode"},"sceneLighting":true,"audioPlay":false,"sceneViewState":{"m_AlwaysRefresh":false,"showFog":true,"showSkybox":false,"showFlares":true,"showImageEffects":true,"showParticleSystems":true,"showVisualEffectGraphs":true,"m_FxEnabled":true},"in2DMode":false,"pivot":{"x":-0.0026256563141942026,"y":4.7014641761779789,"z":-7.530566692352295},"rotation":{"x":0.20111395418643952,"y":0.002932682167738676,"z":-0.0006159137701615691,"w":0.9795466661453247},"size":0.27054330706596377,"orthographic":false}